"","V1","V2","V3","V4","V5"
"1","Carex_kiotensis|JAP|NCBI_AUTHOR_Senni_584","820.959885055063","53731.5413424346","1329.50736958685","8843.54089118597"
"2","Carex_shimidzensis|JAP|NCBI_AUTHOR_Senni_591","820.959885055063","53731.5413424346","1329.50736958685","8843.54089118597"
"3","Carex_nudata|CAL|spm00001440","820.959885055063","53731.5413424346","1329.50736958685","8843.54089118597"
"4","Carex_scopulorum_var_prionophylla|WAS|spm00004556","820.959885055063","53731.5413424346","1329.50736958685","8843.54089118597"
"5","Carex_emoryi|DEL|spm00000885","820.959885055063","53731.5413424346","1329.50736958685","8843.54089118597"
"6","Carex_interrupta|ORE|spm00001666","820.959885055063","53731.5413424346","1329.50736958685","8843.54089118597"
"7","Carex_angustata|CAL|spm00000713","820.959885055063","53731.5413424346","1329.50736958685","8843.54089118597"
"8","Carex_scopulorum_var_bracteosa|YUK|spm00006477","820.959885055063","53731.5413424346","1329.50736958685","8843.54089118597"
"9","Carex_bigelowii_ssp_bigelowii|QUE|spm00006479","820.959885055063","53731.5413424346","1329.50736958685","8843.54089118597"
"10","Carex_stricta|TEX|spm00001296","820.959885055063","53731.5413424346","1329.50736958685","8843.54089118597"
"11","Carex_bigelowii_ssp_lugens|ASK|spm00000742","820.959885055063","53731.5413424346","1329.50736958685","8843.54089118597"
"12","Carex_randalpina|AUT|spm00003098","820.959885055063","53731.5413424346","1329.50736958685","8843.54089118597"
"13","Carex_paleacea|MAI|spm00001127","820.959885055063","53731.5413424346","1329.50736958685","8843.54089118597"
"14","Carex_salina|QUE|spm00001953","820.959885055063","53731.5413424346","1329.50736958685","8843.54089118597"
"15","Carex_subspathacea||NCBI_Reznicek_3165","820.959885055063","53731.5413424346","1329.50736958685","8843.54089118597"
"16","Carex_lyngbyei|ORE|spm00001085","820.959885055063","53731.5413424346","1329.50736958685","8843.54089118597"
"17","Carex_ramenskii|ASK|spm00001439","820.959885055063","53731.5413424346","1329.50736958685","8843.54089118597"
"18","Carex_recta||NCBI_Dean_SM00017","820.959885055063","53731.5413424346","1329.50736958685","8843.54089118597"
"19","Carex_aquatilis_var_minor||NCBI_Bennett_893","820.959885055063","53731.5413424346","1329.50736958685","8843.54089118597"
"20","Carex_aquatilis_var_aquatilis|NFL|spm00001485","820.959885055063","53731.5413424346","1329.50736958685","8843.54089118597"
"21","Carex_aquatilis_var_dives||NCBI_Janeway_2155","820.959885055063","53731.5413424346","1329.50736958685","8843.54089118597"
"22","Carex_lenticularis||NCBI_Dragon_1281","820.959885055063","53731.5413424346","1329.50736958685","8843.54089118597"
"23","Carex_rufina||NCBI_Anderberg_80","820.959885055063","53731.5413424346","1329.50736958685","8843.54089118597"
"24","Carex_trinervis|SPA|spm00003778","820.959885055063","53731.5413424346","1329.50736958685","8843.54089118597"
"25","Carex_nigra_ssp_intricata|SPA|spm00003775","820.959885055063","53731.5413424346","1329.50736958685","8843.54089118597"
"26","Carex_acuta|ITA|spm00003084","820.959885055063","53731.5413424346","1329.50736958685","8843.54089118597"
"27","Carex_cespitosa_ssp_cespitosa|NOR|spm00003210","820.959885055063","53731.5413424346","1329.50736958685","8843.54089118597"
"28","Carex_nigra_ssp_transcaucasica|TCS|spm00003281","820.959885055063","53731.5413424346","1329.50736958685","8843.54089118597"
"29","Carex_nigra_ssp_nigra|GRB|NCBI_Dean_SM00019","820.959885055063","53731.5413424346","1329.50736958685","8843.54089118597"
"30","Carex_nigra_var_juncella|NOR|spm00003773","820.959885055063","53731.5413424346","1329.50736958685","8843.54089118597"
"31","Carex_ensifolia|CHQ|spm00005713","820.959885055063","53731.5413424346","1329.50736958685","8843.54089118597"
"32","Carex_elata_ssp_elata|SPA|spm00003134","820.959885055063","53731.5413424346","1329.50736958685","8843.54089118597"
"33","Carex_reuteriana_ssp_mauritanica|SPA|spm00003162","820.959885055063","53731.5413424346","1329.50736958685","8843.54089118597"
"34","Carex_reuteriana_ssp_reuteriana|SPA|spm00003202","820.959885055063","53731.5413424346","1329.50736958685","8843.54089118597"
"35","Carex_jaluensis|KOR|NCBI_Jung_2361","820.959885055063","53731.5413424346","1329.50736958685","8843.54089118597"
"36","Carex_buekii|CZE|spm00000558","820.959885055063","53731.5413424346","1329.50736958685","8843.54089118597"
"37","Carex_eleusinoides|ASK|spm00001623","820.959885055063","53731.5413424346","1329.50736958685","8843.54089118597"
"38","Carex_dacica|ICE|spm00003155","820.959885055063","53731.5413424346","1329.50736958685","8843.54089118597"
"39","Carex_obnupta|CAL|spm00001105","820.959885055063","53731.5413424346","1329.50736958685","8843.54089118597"
"40","Carex_podocarpa|BRC|spm00001932","820.959885055063","53731.5413424346","1329.50736958685","8843.54089118597"
"41","Carex_curvicollis|JAP|spm00006868","820.959885055063","53731.5413424346","1329.50736958685","8843.54089118597"
"42","Carex_augustinowiczii|SAK|spm00007995","820.959885055063","53731.5413424346","1329.50736958685","8843.54089118597"
"43","Carex_thunbergii||NCBI_Semsrott_3381","820.959885055063","53731.5413424346","1329.50736958685","8843.54089118597"
"44","Carex_appendiculata|KHA|spm00006476","820.959885055063","53731.5413424346","1329.50736958685","8843.54089118597"
"45","Carex_gaudichaudiana||NCBI_Ford_1659","820.959885055063","53731.5413424346","1329.50736958685","8843.54089118597"
"46","Carex_mitchelliana|ALA|spm00001101","820.959885055063","53731.5413424346","1329.50736958685","8843.54089118597"
"47","Carex_gynandra|DEL|spm00000964","820.959885055063","53731.5413424346","1329.50736958685","8843.54089118597"
"48","Carex_torta||NCBI_Dragon_1288","820.959885055063","53731.5413424346","1329.50736958685","8843.54089118597"
"49","Carex_crinita_var_crinita|MAI|spm00000801","820.959885055063","53731.5413424346","1329.50736958685","8843.54089118597"
"50","Carex_magellanica_ssp_magellanica|CLS|spm00003206","820.959885055063","53731.5413424346","1329.50736958685","8843.54089118597"
"51","Carex_magellanica_ssp_irrigua|ASK|spm00001637","820.959885055063","53731.5413424346","1329.50736958685","8843.54089118597"
"52","Carex_limosa|ASK|spm00001035","820.959885055063","53731.5413424346","1329.50736958685","8843.54089118597"
"53","Carex_pluriflora|ASK|spm00001956","820.959885055063","53731.5413424346","1329.50736958685","8843.54089118597"
"54","Carex_rariflora|YUK|spm00001999","820.959885055063","53731.5413424346","1329.50736958685","8843.54089118597"
"55","Carex_nebraskensis||NCBI_Janeway_2159","820.959885055063","53731.5413424346","1329.50736958685","8843.54089118597"
"56","Carex_typhina|LOU|spm00001330","820.959885055063","53731.5413424346","1329.50736958685","8843.54089118597"
"57","Carex_squarrosa|ARK|spm00001281","820.959885055063","53731.5413424346","1329.50736958685","8843.54089118597"
"58","Carex_macrochaeta|ORE|spm00001671","820.959885055063","53731.5413424346","1329.50736958685","8843.54089118597"
"59","Carex_mertensii|ASK|spm00001056","820.959885055063","53731.5413424346","1329.50736958685","8843.54089118597"
"60","Carex_cinerascens|CHM|spm00004514","820.959885055063","53731.5413424346","1329.50736958685","8843.54089118597"
"61","Carex_spectabilis|BRC|spm00001979","820.959885055063","53731.5413424346","1329.50736958685","8843.54089118597"
"62","Carex_microchaeta|YUK|spm00001946","820.959885055063","53731.5413424346","1329.50736958685","8843.54089118597"
"63","Carex_pichinchensis|ECU|spm00000538","820.959885055063","53731.5413424346","1329.50736958685","8843.54089118597"
"64","Carex_donnellsmithii||NCBI_Ton_3535","820.959885055063","53731.5413424346","1329.50736958685","8843.54089118597"
"65","Carex_haydenii|WIS|spm00002433","820.959885055063","53731.5413424346","1329.50736958685","8843.54089118597"
"66","Carex_aperta|BRC|spm00001842","820.959885055063","53731.5413424346","1329.50736958685","8843.54089118597"
"67","Carex_stylosa|NFL|spm00001490","820.959885055063","53731.5413424346","1329.50736958685","8843.54089118597"
"68","Carex_meyeriana|MON|spm00008024","820.959885055063","53731.5413424346","1329.50736958685","8843.54089118597"
"69","Carex_hirsutella|DEL|spm00000935","820.959885055063","53731.5413424346","1329.50736958685","8843.54089118597"
"70","Carex_bushii|DEL|spm00000777","820.959885055063","53731.5413424346","1329.50736958685","8843.54089118597"
"71","Carex_caroliniana|ALA|spm00000815","820.959885055063","53731.5413424346","1329.50736958685","8843.54089118597"
"72","Carex_swanii|ARK|spm00001304","820.959885055063","53731.5413424346","1329.50736958685","8843.54089118597"
"73","Carex_misera|TEN|spm00001764","820.959885055063","53731.5413424346","1329.50736958685","8843.54089118597"
"74","Carex_aestivalis|PEN|spm00000681","820.959885055063","53731.5413424346","1329.50736958685","8843.54089118597"
"75","Carex_formosa|ILL|spm00001732","820.959885055063","53731.5413424346","1329.50736958685","8843.54089118597"
"76","Carex_gracillima|ALA|spm00000922","820.959885055063","53731.5413424346","1329.50736958685","8843.54089118597"
"77","Carex_castanea|NFL|spm00001479","820.959885055063","53731.5413424346","1329.50736958685","8843.54089118597"
"78","Carex_arctata|WIS|spm00000731","820.959885055063","53731.5413424346","1329.50736958685","8843.54089118597"
"79","Carex_mendocinensis|ORE|spm00001673","820.959885055063","53731.5413424346","1329.50736958685","8843.54089118597"
"80","Carex_hirtissima|CAL|spm00001694","820.959885055063","53731.5413424346","1329.50736958685","8843.54089118597"
"81","Carex_gynodynama|CAL|spm00001688","820.959885055063","53731.5413424346","1329.50736958685","8843.54089118597"
"82","Carex_debilis|OKL|spm00000863","820.959885055063","53731.5413424346","1329.50736958685","8843.54089118597"
"83","Carex_hirtifolia|QUE|spm00001475","820.959885055063","53731.5413424346","1329.50736958685","8843.54089118597"
"84","Carex_curatorum||spm00002016","820.959885055063","53731.5413424346","1329.50736958685","8843.54089118597"
"85","Carex_scirpoidea_ssp_scirpoidea|ASK|spm00001248","820.959885055063","53731.5413424346","1329.50736958685","8843.54089118597"
"86","Carex_scabriuscula|CAL|spm00001246","820.959885055063","53731.5413424346","1329.50736958685","8843.54089118597"
"87","Carex_grallatoria_ssp_heteroclita|JAP|spm00006653","820.959885055063","53731.5413424346","1329.50736958685","8843.54089118597"
"88","Carex_grallatoria_ssp_grallatoria|JAP|spm00006651","820.959885055063","53731.5413424346","1329.50736958685","8843.54089118597"
"89","Carex_secalina|HUN|spm00004542","820.959885055063","53731.5413424346","1329.50736958685","8843.54089118597"
"90","Carex_hordeistichos|SPA|spm00000579","820.959885055063","53731.5413424346","1329.50736958685","8843.54089118597"
"91","Carex_ischnostachya|CHS|spm00000062","820.959885055063","53731.5413424346","1329.50736958685","8843.54089118597"
"92","Carex_brownii|JAP|NCBI_Waterway_3655","820.959885055063","53731.5413424346","1329.50736958685","8843.54089118597"
"93","Carex_nemostachys|CHS|spm00000088","820.959885055063","53731.5413424346","1329.50736958685","8843.54089118597"
"94","Carex_acutiformis|TVL|spm00002122","820.959885055063","53731.5413424346","1329.50736958685","8843.54089118597"
"95","Carex_mollicula|JAP|NCBI_Waterway_3667","820.959885055063","53731.5413424346","1329.50736958685","8843.54089118597"
"96","Carex_dispalata|JAP|NCBI_Waterway_3652","820.959885055063","53731.5413424346","1329.50736958685","8843.54089118597"
"97","Carex_alopecuroides|KOR|spm00000321","820.959885055063","53731.5413424346","1329.50736958685","8843.54089118597"
"98","Carex_doniana|CHS|spm00000047","820.959885055063","53731.5413424346","1329.50736958685","8843.54089118597"
"99","Carex_planiculmis|KOR|NCBI_Jung_2377","820.959885055063","53731.5413424346","1329.50736958685","8843.54089118597"
"100","Carex_torreyi|COL|spm00001708","820.959885055063","53731.5413424346","1329.50736958685","8843.54089118597"
"101","Carex_pallescens|BRC|spm00002008","820.959885055063","53731.5413424346","1329.50736958685","8843.54089118597"
"102","Carex_scabrata|QUE|NCBI_Waterway_3706","820.959885055063","53731.5413424346","1329.50736958685","8843.54089118597"
"103","Carex_norvegica|ORE|spm00001616","820.959885055063","53731.5413424346","1329.50736958685","8843.54089118597"
"104","Carex_media|NBR|spm00001772","820.959885055063","53731.5413424346","1329.50736958685","8843.54089118597"
"105","Carex_atratiformis|ABT|spm00001751","820.959885055063","53731.5413424346","1329.50736958685","8843.54089118597"
"106","Carex_atrata|AUT|spm00007990","820.959885055063","53731.5413424346","1329.50736958685","8843.54089118597"
"107","Carex_melanocephala|ALT|spm00008022","820.959885055063","53731.5413424346","1329.50736958685","8843.54089118597"
"108","Carex_aterrima_ssp_aterrima|CZE|spm00007989","820.959885055063","53731.5413424346","1329.50736958685","8843.54089118597"
"109","Carex_aterrima_ssp_medwedewii|TCS|spm00003468","820.959885055063","53731.5413424346","1329.50736958685","8843.54089118597"
"110","Carex_obscura|CHT|spm00003376","820.959885055063","53731.5413424346","1329.50736958685","8843.54089118597"
"111","Carex_gracilenta|CHC|spm00005733","820.959885055063","53731.5413424346","1329.50736958685","8843.54089118597"
"112","Carex_albonigra|ASK|spm00001621","820.959885055063","53731.5413424346","1329.50736958685","8843.54089118597"
"113","Carex_gmelinii|ASK|spm00001629","820.959885055063","53731.5413424346","1329.50736958685","8843.54089118597"
"114","Carex_melanantha|KGZ|spm00008019","820.959885055063","53731.5413424346","1329.50736958685","8843.54089118597"
"115","Carex_orestera|CAL|spm00008033","820.959885055063","53731.5413424346","1329.50736958685","8843.54089118597"
"116","Carex_raynoldsii|CAL|spm00001184","820.959885055063","53731.5413424346","1329.50736958685","8843.54089118597"
"117","Carex_parryana|ASK|spm00001634","820.959885055063","53731.5413424346","1329.50736958685","8843.54089118597"
"118","Carex_hallii|MAN|spm00001754","820.959885055063","53731.5413424346","1329.50736958685","8843.54089118597"
"119","Carex_caucasica|NCS|spm00008001","820.959885055063","53731.5413424346","1329.50736958685","8843.54089118597"
"120","Carex_infuscata|WHM|spm00008013","820.959885055063","53731.5413424346","1329.50736958685","8843.54089118597"
"121","Carex_bella|COL|spm00001721","820.959885055063","53731.5413424346","1329.50736958685","8843.54089118597"
"122","Carex_parviflora|FRA_|spm00008036","820.959885055063","53731.5413424346","1329.50736958685","8843.54089118597"
"123","Carex_hartmanii|GER|spm00008007","820.959885055063","53731.5413424346","1329.50736958685","8843.54089118597"
"124","Carex_buxbaumii|ASK|spm00000765","820.959885055063","53731.5413424346","1329.50736958685","8843.54089118597"
"125","Carex_adelostoma|ASK|spm00001619","820.959885055063","53731.5413424346","1329.50736958685","8843.54089118597"
"126","Carex_holostoma|ASK|spm00001631","820.959885055063","53731.5413424346","1329.50736958685","8843.54089118597"
"127","Carex_arnellii|SWE|spm00003783","820.959885055063","53731.5413424346","1329.50736958685","8843.54089118597"
"128","Carex_sprengelii|NBR|spm00001766","820.959885055063","53731.5413424346","1329.50736958685","8843.54089118597"
"129","Carex_buchananii|NZ|NCBI_AUTHOR_Gardner_316","820.959885055063","53731.5413424346","1329.50736958685","8843.54089118597"
"130","Carex_litorosa|NZ|NCBI_AUTHOR_Gardner_288","820.959885055063","53731.5413424346","1329.50736958685","8843.54089118597"
"131","Carex_chathamica|NZ|NCBI_AUTHOR_Gardner_305","820.959885055063","53731.5413424346","1329.50736958685","8843.54089118597"
"132","Carex_ophiolithica|NZ|NCBI_AUTHOR_Gardner_331","820.959885055063","53731.5413424346","1329.50736958685","8843.54089118597"
"133","Carex_hectorii|NZ|NCBI_AUTHOR_Gardner_284","820.959885055063","53731.5413424346","1329.50736958685","8843.54089118597"
"134","Carex_dipsacea|NZS|NCBI_AUTHOR_Gardner_338","820.959885055063","53731.5413424346","1329.50736958685","8843.54089118597"
"135","Carex_dallii|NZ|NCBI_AUTHOR_Gardner_310","820.959885055063","53731.5413424346","1329.50736958685","8843.54089118597"
"136","Carex_calcis|NZS|spm00002186","820.959885055063","53731.5413424346","1329.50736958685","8843.54089118597"
"137","Carex_forsteri|NZS|spm00002183","820.959885055063","53731.5413424346","1329.50736958685","8843.54089118597"
"138","Carex_comans|NZ|NCBI_AUTHOR_Gardner_309","820.959885055063","53731.5413424346","1329.50736958685","8843.54089118597"
"139","Carex_berggrenii|NZ|NCBI_AUTHOR_Gardner_327","820.959885055063","53731.5413424346","1329.50736958685","8843.54089118597"
"140","Carex_testacea|NZ|NCBI_AUTHOR_Gardner_291","820.959885055063","53731.5413424346","1329.50736958685","8843.54089118597"
"141","Carex_raoulii|NZ|NCBI_AUTHOR_Gardner_313","820.959885055063","53731.5413424346","1329.50736958685","8843.54089118597"
"142","Carex_kermadecensis|NZ|NCBI_AUTHOR_Gardner_287","820.959885055063","53731.5413424346","1329.50736958685","8843.54089118597"
"143","Carex_cirrhosa|NZ|NCBI_AUTHOR_Gardner_318","820.959885055063","53731.5413424346","1329.50736958685","8843.54089118597"
"144","Carex_flagellifera|NZ|NCBI_AUTHOR_Gardner_283","820.959885055063","53731.5413424346","1329.50736958685","8843.54089118597"
"145","Carex_fretalis|NZ|NCBI_AUTHOR_Gardner_326","820.959885055063","53731.5413424346","1329.50736958685","8843.54089118597"
"146","Carex_albula|NZ|NCBI_AUTHOR_Gardner_304","820.959885055063","53731.5413424346","1329.50736958685","8843.54089118597"
"147","Carex_ventosa|NZ|NCBI_AUTHOR_Gardner_312","820.959885055063","53731.5413424346","1329.50736958685","8843.54089118597"
"148","Carex_trifida|NZ|NCBI_AUTHOR_Gardner_292","820.959885055063","53731.5413424346","1329.50736958685","8843.54089118597"
"149","Carex_spinirostris|NZ|NCBI_AUTHOR_Gardner_323","820.959885055063","53731.5413424346","1329.50736958685","8843.54089118597"
"150","Carex_elingamita|NZ|NCBI_AUTHOR_Gardner_320","820.959885055063","53731.5413424346","1329.50736958685","8843.54089118597"
"151","Carex_libera|NZ|NCBI_AUTHOR_Gardner_329","820.959885055063","53731.5413424346","1329.50736958685","8843.54089118597"
"152","Carex_petriei|NZ|NCBI_AUTHOR_Gardner_315","820.959885055063","53731.5413424346","1329.50736958685","8843.54089118597"
"153","Carex_inopinata|NZ|NCBI_AUTHOR_Gardner_285","820.959885055063","53731.5413424346","1329.50736958685","8843.54089118597"
"154","Carex_idaea|KRI|spm00004380","820.959885055063","53731.5413424346","1329.50736958685","8843.54089118597"
"155","Carex_distans|GRC|spm00000844","820.959885055063","53731.5413424346","1329.50736958685","8843.54089118597"
"156","Carex_troodi|CYP|spm00004356","820.959885055063","53731.5413424346","1329.50736958685","8843.54089118597"
"157","Carex_diluta|TCS|spm00004364","820.959885055063","53731.5413424346","1329.50736958685","8843.54089118597"
"158","Carex_lainzii|SPA|spm00004371","820.959885055063","53731.5413424346","1329.50736958685","8843.54089118597"
"159","Carex_vixdentata|AGE|spm00002963","820.959885055063","53731.5413424346","1329.50736958685","8843.54089118597"
"160","Carex_extensa|VRG|spm00001853","820.959885055063","53731.5413424346","1329.50736958685","8843.54089118597"
"161","Carex_ecklonii|CPP|spm00004378","820.959885055063","53731.5413424346","1329.50736958685","8843.54089118597"
"162","Carex_borbonica|REU|spm00004353","820.959885055063","53731.5413424346","1329.50736958685","8843.54089118597"
"163","Carex_petitiana_ssp_attenuata|MLW|spm00004345","820.959885055063","53731.5413424346","1329.50736958685","8843.54089118597"
"164","Carex_boryana|REU|spm00004377","820.959885055063","53731.5413424346","1329.50736958685","8843.54089118597"
"165","Carex_petitiana_ssp_petitiana|KEN|spm00002867","820.959885055063","53731.5413424346","1329.50736958685","8843.54089118597"
"166","Carex_mannii_ssp_friesiorum|KEN|spm00004355","820.959885055063","53731.5413424346","1329.50736958685","8843.54089118597"
"167","Carex_mannii_ssp_mannii|GGI|spm00002860","820.959885055063","53731.5413424346","1329.50736958685","8843.54089118597"
"168","Carex_simensis|UGA|spm00000233","820.959885055063","53731.5413424346","1329.50736958685","8843.54089118597"
"169","Carex_paulovargasii|MOR|spm00004349","820.959885055063","53731.5413424346","1329.50736958685","8843.54089118597"
"170","Carex_fissirostris|MOR|spm00004379","820.959885055063","53731.5413424346","1329.50736958685","8843.54089118597"
"171","Carex_binervis|FRA|spm00004357","820.959885055063","53731.5413424346","1329.50736958685","8843.54089118597"
"172","Carex_camposii|SPA|spm00004363","820.959885055063","53731.5413424346","1329.50736958685","8843.54089118597"
"173","Carex_laevigata|SPA|spm00002938","820.959885055063","53731.5413424346","1329.50736958685","8843.54089118597"
"174","Carex_mairei|SPA|spm00004367","820.959885055063","53731.5413424346","1329.50736958685","8843.54089118597"
"175","Carex_hochstetteriana|AZO|NCBI_UPOS_3551","820.959885055063","53731.5413424346","1329.50736958685","8843.54089118597"
"176","Carex_perraudieriana|CNY|spm00004346","820.959885055063","53731.5413424346","1329.50736958685","8843.54089118597"
"177","Carex_aethiopica|CPP|spm00004365","820.959885055063","53731.5413424346","1329.50736958685","8843.54089118597"
"178","Carex_fuscula|CLC|spm00004370","820.959885055063","53731.5413424346","1329.50736958685","8843.54089118597"
"179","Carex_punctata|GRB|NCBI_Smith_3418","820.959885055063","53731.5413424346","1329.50736958685","8843.54089118597"
"180","Carex_lowei|MDR|spm00002858","820.959885055063","53731.5413424346","1329.50736958685","8843.54089118597"
"181","Carex_helodes|POR|NCBI_Jose_2346","820.959885055063","53731.5413424346","1329.50736958685","8843.54089118597"
"182","Carex_sylvatica|WAS|spm00001590","820.959885055063","53731.5413424346","1329.50736958685","8843.54089118597"
"183","Carex_cretica|KRI|spm00004382","820.959885055063","53731.5413424346","1329.50736958685","8843.54089118597"
"184","Carex_rainbowii|NAT|NCBI_Martin_Bravo_2799","820.959885055063","53731.5413424346","1329.50736958685","8843.54089118597"
"185","Carex_cryptolepis|ILL|spm00001730","820.959885055063","53731.5413424346","1329.50736958685","8843.54089118597"
"186","Carex_flaviformis|NZ|spm00007227","820.959885055063","53731.5413424346","1329.50736958685","8843.54089118597"
"187","Carex_viridula|WAS|spm00004568","820.959885055063","53731.5413424346","1329.50736958685","8843.54089118597"
"188","Carex_lepidocarpa_ssp_nevadensis|SPA|NCBI_Modesto_2872","820.959885055063","53731.5413424346","1329.50736958685","8843.54089118597"
"189","Carex_demissa_ssp_demissa|NSC|spm00001948","820.959885055063","53731.5413424346","1329.50736958685","8843.54089118597"
"190","Carex_lepidocarpa_ssp_jemtlandica|NOR|spm00003056","820.959885055063","53731.5413424346","1329.50736958685","8843.54089118597"
"191","Carex_lepidocarpa_ssp_lepidocarpa|SPA|spm00003215","820.959885055063","53731.5413424346","1329.50736958685","8843.54089118597"
"192","Carex_flava|NFL|spm00001483","820.959885055063","53731.5413424346","1329.50736958685","8843.54089118597"
"193","Carex_hostiana|GER|spm00003273","820.959885055063","53731.5413424346","1329.50736958685","8843.54089118597"
"194","Carex_castroviejoi|GRC|NCBI_Vargas_3584","820.959885055063","53731.5413424346","1329.50736958685","8843.54089118597"
"195","Carex_strigosa|AUT|spm00003302","820.959885055063","53731.5413424346","1329.50736958685","8843.54089118597"
"196","Carex_agastachys|AUT|spm00001197","820.959885055063","53731.5413424346","1329.50736958685","8843.54089118597"
"197","Carex_pendula|FRA|spm00007935","820.959885055063","53731.5413424346","1329.50736958685","8843.54089118597"
"198","Carex_microcarpa|COR|spm00007912","820.959885055063","53731.5413424346","1329.50736958685","8843.54089118597"
"199","Carex_bequaertii_ssp_bequaertii|KEN|spm00000176","820.959885055063","53731.5413424346","1329.50736958685","8843.54089118597"
"200","Carex_carsei|NZ|NCBI_AUTHOR_Gardner_322","820.959885055063","53731.5413424346","1329.50736958685","8843.54089118597"
"201","Carex_michauxiana|MAN|spm00001748","820.959885055063","53731.5413424346","1329.50736958685","8843.54089118597"
"202","Carex_folliculata|DEL|spm00000911","820.959885055063","53731.5413424346","1329.50736958685","8843.54089118597"
"203","Carex_stenantha_var_taisetsuensis|SAK|spm00006798","820.959885055063","53731.5413424346","1329.50736958685","8843.54089118597"
"204","Carex_frigida|SPA|spm00000521","820.959885055063","53731.5413424346","1329.50736958685","8843.54089118597"
"205","Carex_capillaris_ssp_fuscidula|KRA|spm00005726","820.959885055063","53731.5413424346","1329.50736958685","8843.54089118597"
"206","Carex_ledebouriana|MAG|spm00003592","820.959885055063","53731.5413424346","1329.50736958685","8843.54089118597"
"207","Carex_delicata|TZK|spm00003358","820.959885055063","53731.5413424346","1329.50736958685","8843.54089118597"
"208","Carex_capillaris_ssp_capillaris|QUE|NCBI_Waterway_3679","820.959885055063","53731.5413424346","1329.50736958685","8843.54089118597"
"209","Carex_krausei|ASK|spm00001639","820.959885055063","53731.5413424346","1329.50736958685","8843.54089118597"
"210","Carex_sedakowii||spm00005844","820.959885055063","53731.5413424346","1329.50736958685","8843.54089118597"
"211","Carex_williamsii|YUK|spm00001969","820.959885055063","53731.5413424346","1329.50736958685","8843.54089118597"
"212","Carex_paeninsulae|FLA|spm00001445","820.959885055063","53731.5413424346","1329.50736958685","8843.54089118597"
"213","Carex_thornei|FLA|spm00000659","820.959885055063","53731.5413424346","1329.50736958685","8843.54089118597"
"214","Carex_planispicata|MRY|spm00000666","820.959885055063","53731.5413424346","1329.50736958685","8843.54089118597"
"215","Carex_calcifugens|FLA|spm00000668","820.959885055063","53731.5413424346","1329.50736958685","8843.54089118597"
"216","Carex_acidicola|ALA|spm00000658","820.959885055063","53731.5413424346","1329.50736958685","8843.54089118597"
"217","Carex_bulbostylis|MSI|spm00000648","820.959885055063","53731.5413424346","1329.50736958685","8843.54089118597"
"218","Carex_oligocarpa|ARK|spm00001532","820.959885055063","53731.5413424346","1329.50736958685","8843.54089118597"
"219","Carex_edwardsiana|TEX|spm00002142","820.959885055063","53731.5413424346","1329.50736958685","8843.54089118597"
"220","Carex_corrugata|ALA|spm00000670","820.959885055063","53731.5413424346","1329.50736958685","8843.54089118597"
"221","Carex_godfreyi|ALA|spm00001787","820.959885055063","53731.5413424346","1329.50736958685","8843.54089118597"
"222","Carex_grisea|KTY|spm00000656","820.959885055063","53731.5413424346","1329.50736958685","8843.54089118597"
"223","Carex_amphibola|ALA|spm00000654","820.959885055063","53731.5413424346","1329.50736958685","8843.54089118597"
"224","Carex_conoidea|DEL|spm00001428","820.959885055063","53731.5413424346","1329.50736958685","8843.54089118597"
"225","Carex_austrocaroliniana|NCA|spm00001729","820.959885055063","53731.5413424346","1329.50736958685","8843.54089118597"
"226","Carex_plantaginea|TEN|spm00001893","820.959885055063","53731.5413424346","1329.50736958685","8843.54089118597"
"227","Carex_platyphylla|MRY|spm00001152","820.959885055063","53731.5413424346","1329.50736958685","8843.54089118597"
"228","Carex_careyana|KTY|spm00001401","820.959885055063","53731.5413424346","1329.50736958685","8843.54089118597"
"229","Carex_asynchrona|MXE|spm00000257","820.959885055063","53731.5413424346","1329.50736958685","8843.54089118597"
"230","Carex_impressinervia|MSI|spm00001784","820.959885055063","53731.5413424346","1329.50736958685","8843.54089118597"
"231","Carex_ouachitana|WAS|spm00001538","820.959885055063","53731.5413424346","1329.50736958685","8843.54089118597"
"232","Carex_brysonii|ALA|spm00000655","820.959885055063","53731.5413424346","1329.50736958685","8843.54089118597"
"233","Carex_hitchcockiana|KTY|spm00000657","820.959885055063","53731.5413424346","1329.50736958685","8843.54089118597"
"234","Carex_flaccosperma|LOU|spm00000671","820.959885055063","53731.5413424346","1329.50736958685","8843.54089118597"
"235","Carex_pigra|MSI|spm00001785","820.959885055063","53731.5413424346","1329.50736958685","8843.54089118597"
"236","Carex_gholsonii|ALA|spm00000953","820.959885055063","53731.5413424346","1329.50736958685","8843.54089118597"
"237","Carex_glaucodea|INI|spm00001525","820.959885055063","53731.5413424346","1329.50736958685","8843.54089118597"
"238","Carex_microdonta|MSI|spm00001420","820.959885055063","53731.5413424346","1329.50736958685","8843.54089118597"
"239","Carex_crawei|NFL|spm00001471","820.959885055063","53731.5413424346","1329.50736958685","8843.54089118597"
"240","Carex_granularis|MAN|spm00001407","820.959885055063","53731.5413424346","1329.50736958685","8843.54089118597"
"241","Carex_laxiculmis_var_laxiculmis|PEN|spm00001403","820.959885055063","53731.5413424346","1329.50736958685","8843.54089118597"
"242","Carex_digitalis|NWY|NCBI_Waterway_3702","820.959885055063","53731.5413424346","1329.50736958685","8843.54089118597"
"243","Carex_cumberlandensis|ARK|spm00000817","820.959885055063","53731.5413424346","1329.50736958685","8843.54089118597"
"244","Carex_abscondita|MRY|spm00000676","820.959885055063","53731.5413424346","1329.50736958685","8843.54089118597"
"245","Carex_durieui|SPA|spm00004386","820.959885055063","53731.5413424346","1329.50736958685","8843.54089118597"
"246","Carex_jacutica||NCBI_AUTHOR_Shekhovtsov_622","820.959885055063","53731.5413424346","1329.50736958685","8843.54089118597"
"247","Carex_rotundata|MAN|spm00001749","820.959885055063","53731.5413424346","1329.50736958685","8843.54089118597"
"248","Carex_mollissima||NCBI_AUTHOR_Shekhovtsov_618","820.959885055063","53731.5413424346","1329.50736958685","8843.54089118597"
"249","Carex_utriculata|ASK|spm00001379","820.959885055063","53731.5413424346","1329.50736958685","8843.54089118597"
"250","Carex_membranacea|ASK|spm00001050","820.959885055063","53731.5413424346","1329.50736958685","8843.54089118597"
"251","Carex_rostrata|WAS|spm00001600","820.959885055063","53731.5413424346","1329.50736958685","8843.54089118597"
"252","Carex_vesicaria|DEL|spm00001360","820.959885055063","53731.5413424346","1329.50736958685","8843.54089118597"
"253","Carex_saxatilis|UTA|spm00001223","820.959885055063","53731.5413424346","1329.50736958685","8843.54089118597"
"254","Carex_vesicata||NCBI_AUTHOR_Shekhovtsov_614","820.959885055063","53731.5413424346","1329.50736958685","8843.54089118597"
"255","Carex_lacustris|MAN|spm00000991","820.959885055063","53731.5413424346","1329.50736958685","8843.54089118597"
"256","Carex_melanostachya||spm00001550","820.959885055063","53731.5413424346","1329.50736958685","8843.54089118597"
"257","Carex_riparia|GRB|NCBI_Blackstock_SM00004","820.959885055063","53731.5413424346","1329.50736958685","8843.54089118597"
"258","Carex_lasiocarpa_var_americana|ASK|spm00000997","820.959885055063","53731.5413424346","1329.50736958685","8843.54089118597"
"259","Carex_lasiocarpa_var_lasiocarpa|SPA|spm00000576","820.959885055063","53731.5413424346","1329.50736958685","8843.54089118597"
"260","Carex_pellita|CAL|spm00001148","820.959885055063","53731.5413424346","1329.50736958685","8843.54089118597"
"261","Carex_sordida|CHM|spm00004515","820.959885055063","53731.5413424346","1329.50736958685","8843.54089118597"
"262","Carex_drymophila|JAP|NCBI_Waterway_3672","820.959885055063","53731.5413424346","1329.50736958685","8843.54089118597"
"263","Carex_atherodes|BRC|spm00001849","820.959885055063","53731.5413424346","1329.50736958685","8843.54089118597"
"264","Carex_laeviconica|TEN|spm00001887","820.959885055063","53731.5413424346","1329.50736958685","8843.54089118597"
"265","Carex_fedia|PAK|spm00005718","820.959885055063","53731.5413424346","1329.50736958685","8843.54089118597"
"266","Carex_songorica|TZK|spm00003384","820.959885055063","53731.5413424346","1329.50736958685","8843.54089118597"
"267","Carex_pumila|NCA|spm00002067","820.959885055063","53731.5413424346","1329.50736958685","8843.54089118597"
"268","Carex_hirta|PEN|spm00000947","820.959885055063","53731.5413424346","1329.50736958685","8843.54089118597"
"269","Carex_houghtoniana|MAN|spm00001446","820.959885055063","53731.5413424346","1329.50736958685","8843.54089118597"
"270","Carex_oligosperma|NWH|spm00001112","820.959885055063","53731.5413424346","1329.50736958685","8843.54089118597"
"271","Carex_lurida|FLA|spm00001082","820.959885055063","53731.5413424346","1329.50736958685","8843.54089118597"
"272","Carex_capricornis||NCBI_AUTHOR_Shekhovtsov_642","820.959885055063","53731.5413424346","1329.50736958685","8843.54089118597"
"273","Carex_maorica|NZ|NCBI_AUTHOR_Gardner_289","820.959885055063","53731.5413424346","1329.50736958685","8843.54089118597"
"274","Carex_hystericina|ARK|spm00001081","820.959885055063","53731.5413424346","1329.50736958685","8843.54089118597"
"275","Carex_comosa|CAL|spm00000826","820.959885055063","53731.5413424346","1329.50736958685","8843.54089118597"
"276","Carex_pseudocyperus|MIC|spm00001179","820.959885055063","53731.5413424346","1329.50736958685","8843.54089118597"
"277","Carex_lupuliformis|FLA|spm00001011","820.959885055063","53731.5413424346","1329.50736958685","8843.54089118597"
"278","Carex_lupulina|MRY|spm00001078","820.959885055063","53731.5413424346","1329.50736958685","8843.54089118597"
"279","Carex_retrorsa|MIC|spm00001210","820.959885055063","53731.5413424346","1329.50736958685","8843.54089118597"
"280","Carex_frankii|ALA|spm00000939","820.959885055063","53731.5413424346","1329.50736958685","8843.54089118597"
"281","Carex_intumescens|MAI|spm00000975","820.959885055063","53731.5413424346","1329.50736958685","8843.54089118597"
"282","Carex_grayi|TEN|spm00000924","820.959885055063","53731.5413424346","1329.50736958685","8843.54089118597"
"283","Carex_heterolepis|KOR|NCBI_Jung_2360","820.959885055063","53731.5413424346","1329.50736958685","8843.54089118597"
"284","Carex_forficula|KOR|NCBI_Na_2984","820.959885055063","53731.5413424346","1329.50736958685","8843.54089118597"
"285","Carex_phacota|KOR|spm00000344","820.959885055063","53731.5413424346","1329.50736958685","8843.54089118597"
"286","Carex_dimorpholepis|KOR|NCBI_Na_2916","820.959885055063","53731.5413424346","1329.50736958685","8843.54089118597"
"287","Carex_pedunculata|MAS|spm00001147","820.959885055063","53731.5413424346","1329.50736958685","8843.54089118597"
"288","Carex_laxiflora|MIC|spm00001023","820.959885055063","53731.5413424346","1329.50736958685","8843.54089118597"
"289","Carex_striatula|DEL|spm00001264","820.959885055063","53731.5413424346","1329.50736958685","8843.54089118597"
"290","Carex_radfordii|SCA|spm00001438","820.959885055063","53731.5413424346","1329.50736958685","8843.54089118597"
"291","Carex_gracilescens|KTY|spm00000927","820.959885055063","53731.5413424346","1329.50736958685","8843.54089118597"
"292","Carex_blanda|TEN|spm00001819","820.959885055063","53731.5413424346","1329.50736958685","8843.54089118597"
"293","Carex_crebriflora||spm00001043","820.959885055063","53731.5413424346","1329.50736958685","8843.54089118597"
"294","Carex_styloflexa|GEO|spm00001299","820.959885055063","53731.5413424346","1329.50736958685","8843.54089118597"
"295","Carex_leptonervia|MAN|spm00001394","820.959885055063","53731.5413424346","1329.50736958685","8843.54089118597"
"296","Carex_albursina|KTY|spm00001384","820.959885055063","53731.5413424346","1329.50736958685","8843.54089118597"
"297","Carex_garberi|ASK|spm00001624","820.959885055063","53731.5413424346","1329.50736958685","8843.54089118597"
"298","Carex_bicolor|ASK|spm00001622","820.959885055063","53731.5413424346","1329.50736958685","8843.54089118597"
"299","Carex_aurea||spm00000767","820.959885055063","53731.5413424346","1329.50736958685","8843.54089118597"
"300","Carex_livida|NWJ|spm00001410","820.959885055063","53731.5413424346","1329.50736958685","8843.54089118597"
"301","Carex_tetanica|MAN|spm00001314","820.959885055063","53731.5413424346","1329.50736958685","8843.54089118597"
"302","Carex_meadii|MAN|spm00001742","820.959885055063","53731.5413424346","1329.50736958685","8843.54089118597"
"303","Carex_purpurifera|KTY|spm00001470","820.959885055063","53731.5413424346","1329.50736958685","8843.54089118597"
"304","Carex_woodii|IOW|spm00001790","820.959885055063","53731.5413424346","1329.50736958685","8843.54089118597"
"305","Carex_manhartii|GEO|spm00001761","820.959885055063","53731.5413424346","1329.50736958685","8843.54089118597"
"306","Carex_olbiensis|SPA|spm00000586","820.959885055063","53731.5413424346","1329.50736958685","8843.54089118597"
"307","Carex_arisanensis|TAI|spm00006420","820.959885055063","53731.5413424346","1329.50736958685","8843.54089118597"
"308","Carex_jackiana_ssp_parciflora|JAP|NCBI_Waterway_3674","820.959885055063","53731.5413424346","1329.50736958685","8843.54089118597"
"309","Carex_filipes|JAP|NCBI_Waterway_3666","820.959885055063","53731.5413424346","1329.50736958685","8843.54089118597"
"310","Carex_papulosa|KOR|spm00000016","820.959885055063","53731.5413424346","1329.50736958685","8843.54089118597"
"311","Carex_laxa|ASK|spm00001643","820.959885055063","53731.5413424346","1329.50736958685","8843.54089118597"
"312","Carex_falcata|CHC|spm00005715","820.959885055063","53731.5413424346","1329.50736958685","8843.54089118597"
"313","Carex_vaginata|YUK|spm00001974","820.959885055063","53731.5413424346","1329.50736958685","8843.54089118597"
"314","Carex_panicea|MAI|spm00001906","820.959885055063","53731.5413424346","1329.50736958685","8843.54089118597"
"315","Carex_auriculata|KOR|spm00000345","820.959885055063","53731.5413424346","1329.50736958685","8843.54089118597"
"316","Carex_pilosa|YUG|spm00000563","820.959885055063","53731.5413424346","1329.50736958685","8843.54089118597"
"317","Carex_flacca_ssp_erythrostachys|BAL|spm00000524","820.959885055063","53731.5413424346","1329.50736958685","8843.54089118597"
"318","Carex_flacca_ssp_flacca|GRB|NCBI_Hill_1959","820.959885055063","53731.5413424346","1329.50736958685","8843.54089118597"
"319","Carex_hispida|KRI|spm00000549","820.959885055063","53731.5413424346","1329.50736958685","8843.54089118597"
"320","Carex_grioletii|SPA|spm00000585","820.959885055063","53731.5413424346","1329.50736958685","8843.54089118597"
"321","Carex_brachystachys|SPA|NCBI_HeRB_1939","820.959885055063","53731.5413424346","1329.50736958685","8843.54089118597"
"322","Carex_austroalpina|SPA|spm00000535","820.959885055063","53731.5413424346","1329.50736958685","8843.54089118597"
"323","Carex_caudata|SPA|spm00000529","820.959885055063","53731.5413424346","1329.50736958685","8843.54089118597"
"324","Carex_ferruginea|SWI|spm00000531","820.959885055063","53731.5413424346","1329.50736958685","8843.54089118597"
"325","Carex_acaulis|CLS|spm00000518","820.959885055063","53731.5413424346","1329.50736958685","8843.54089118597"
"326","Carex_depauperata|YUG|spm00000574","820.959885055063","53731.5413424346","1329.50736958685","8843.54089118597"
"327","Carex_asturica|SPA|spm00004385","820.959885055063","53731.5413424346","1329.50736958685","8843.54089118597"
"328","Carex_fimbriata|SWI|spm00000552","820.959885055063","53731.5413424346","1329.50736958685","8843.54089118597"
"329","Carex_firma|ITA|spm00000520","820.959885055063","53731.5413424346","1329.50736958685","8843.54089118597"
"330","Carex_sempervirens_ssp_sempervirens|SWI|spm00000540","820.959885055063","53731.5413424346","1329.50736958685","8843.54089118597"
"331","Carex_coriophora|CHQ|spm00005694","820.959885055063","53731.5413424346","1329.50736958685","8843.54089118597"
"332","Carex_atrofusca|ASK|spm00001654","820.959885055063","53731.5413424346","1329.50736958685","8843.54089118597"
"333","Carex_cruenta|CHQ|spm00005700","820.959885055063","53731.5413424346","1329.50736958685","8843.54089118597"
"334","Carex_tomentosa|SPA|spm00000568","820.959885055063","53731.5413424346","1329.50736958685","8843.54089118597"
"335","Carex_depressa_ssp_depressa|SPA|spm00000550","820.959885055063","53731.5413424346","1329.50736958685","8843.54089118597"
"336","Carex_depressa_ssp_basilaris|SPA|spm00000547","820.959885055063","53731.5413424346","1329.50736958685","8843.54089118597"
"337","Carex_depressa_ssp_transsilvanica|YUG|spm00000546","820.959885055063","53731.5413424346","1329.50736958685","8843.54089118597"
"338","Carex_microtricha|SAK|spm00006763","820.959885055063","53731.5413424346","1329.50736958685","8843.54089118597"
"339","Carex_umbrosa_ssp_huetiana|TCS|spm00003480","820.959885055063","53731.5413424346","1329.50736958685","8843.54089118597"
"340","Carex_caryophyllea|SPA|spm00002063","820.959885055063","53731.5413424346","1329.50736958685","8843.54089118597"
"341","Carex_trautvetteriana||spm00005863","820.959885055063","53731.5413424346","1329.50736958685","8843.54089118597"
"342","Carex_nervata|KOR|spm00000010","820.959885055063","53731.5413424346","1329.50736958685","8843.54089118597"
"343","Carex_breviculmis_var_breviculmis|NZ|NCBI_AUTHOR_Gardner_314","820.959885055063","53731.5413424346","1329.50736958685","8843.54089118597"
"344","Carex_mitrata_var_mitrata|CHS|spm00000085","820.959885055063","53731.5413424346","1329.50736958685","8843.54089118597"
"345","Carex_pisiformis_var_pisiformis|CHS|spm00000095","820.959885055063","53731.5413424346","1329.50736958685","8843.54089118597"
"346","Carex_macrandrolepis|KOR|spm00000337","820.959885055063","53731.5413424346","1329.50736958685","8843.54089118597"
"347","Carex_foliosissima|JAP|NCBI_Waterway_3660","820.959885055063","53731.5413424346","1329.50736958685","8843.54089118597"
"348","Carex_morrowii|JAP|spm00006680","820.959885055063","53731.5413424346","1329.50736958685","8843.54089118597"
"349","Carex_wahuensis_ssp_robusta||NCBI_Amano_SM00027","820.959885055063","53731.5413424346","1329.50736958685","8843.54089118597"
"350","Carex_sociata|JAP|spm00006686","820.959885055063","53731.5413424346","1329.50736958685","8843.54089118597"
"351","Carex_stenostachys|JAP|spm00006689","820.959885055063","53731.5413424346","1329.50736958685","8843.54089118597"
"352","Carex_pisiformis_var_sikokiana|KOR|spm00000349","820.959885055063","53731.5413424346","1329.50736958685","8843.54089118597"
"353","Carex_umbrosa_ssp_umbrosa|BUL|spm00000537","820.959885055063","53731.5413424346","1329.50736958685","8843.54089118597"
"354","Carex_umbrosa_ssp_sabynensis||NCBI_Murray_2912","820.959885055063","53731.5413424346","1329.50736958685","8843.54089118597"
"355","Carex_insaniae_var_insaniae|JAP|spm00005753","820.959885055063","53731.5413424346","1329.50736958685","8843.54089118597"
"356","Carex_insaniae_var_papillaticulmis|JAP|NCBI_Waterway_3659","820.959885055063","53731.5413424346","1329.50736958685","8843.54089118597"
"357","Carex_boottiana|JAP|NCBI_Waterway_3657","820.959885055063","53731.5413424346","1329.50736958685","8843.54089118597"
"358","Carex_michelii|HUN|spm00002175","820.959885055063","53731.5413424346","1329.50736958685","8843.54089118597"
"359","Carex_brevicollis|TCS|spm00003478","820.959885055063","53731.5413424346","1329.50736958685","8843.54089118597"
"360","Carex_xiphium|KOR|NCBI_Jung_2387","820.959885055063","53731.5413424346","1329.50736958685","8843.54089118597"
"361","Carex_laticeps|JAP|NCBI_Waterway_3656","820.959885055063","53731.5413424346","1329.50736958685","8843.54089118597"
"362","Carex_fulvorubescens|JAP|spm00006431","820.959885055063","53731.5413424346","1329.50736958685","8843.54089118597"
"363","Carex_speciosa_ssp_speciosa|EHM|spm00005853","820.959885055063","53731.5413424346","1329.50736958685","8843.54089118597"
"364","Carex_oxyandra|KOR|NCBI_Jung_2375","820.959885055063","53731.5413424346","1329.50736958685","8843.54089118597"
"365","Carex_mira|KOR|NCBI_Jung_2372","820.959885055063","53731.5413424346","1329.50736958685","8843.54089118597"
"366","Carex_gifuensis|KOR|spm00000331","820.959885055063","53731.5413424346","1329.50736958685","8843.54089118597"
"367","Carex_blepharicarpa|KOR|spm00000323","820.959885055063","53731.5413424346","1329.50736958685","8843.54089118597"
"368","Carex_reinii|JAP|spm00006675","820.959885055063","53731.5413424346","1329.50736958685","8843.54089118597"
"369","Carex_makinoensis|JAP|spm00006665","820.959885055063","53731.5413424346","1329.50736958685","8843.54089118597"
"370","Carex_pudica|JAP|spm00006673","820.959885055063","53731.5413424346","1329.50736958685","8843.54089118597"
"371","Carex_lucorum|NCA|spm00001736","820.959885055063","53731.5413424346","1329.50736958685","8843.54089118597"
"372","Carex_novaeangliae|MAI|spm00001061","820.959885055063","53731.5413424346","1329.50736958685","8843.54089118597"
"373","Carex_umbellata|DEL|spm00001376","820.959885055063","53731.5413424346","1329.50736958685","8843.54089118597"
"374","Carex_tonsa||spm00001317","820.959885055063","53731.5413424346","1329.50736958685","8843.54089118597"
"375","Carex_inops_ssp_heliophila||NCBI_Marriott_2795","820.959885055063","53731.5413424346","1329.50736958685","8843.54089118597"
"376","Carex_albicans_var_emmonsii|DEL|spm00000699","820.959885055063","53731.5413424346","1329.50736958685","8843.54089118597"
"377","Carex_communis_var_communis|QUE|NCBI_Waterway_3720","820.959885055063","53731.5413424346","1329.50736958685","8843.54089118597"
"378","Carex_pensylvanica|MAN|spm00001171","820.959885055063","53731.5413424346","1329.50736958685","8843.54089118597"
"379","Carex_deflexa_var_deflexa|BRC|spm00002125","820.959885055063","53731.5413424346","1329.50736958685","8843.54089118597"
"380","Carex_zikae|WAS|spm00001573","820.959885055063","53731.5413424346","1329.50736958685","8843.54089118597"
"381","Carex_rossii|CAL|spm00001201","820.959885055063","53731.5413424346","1329.50736958685","8843.54089118597"
"382","Carex_peckii|ASK|spm00001625","820.959885055063","53731.5413424346","1329.50736958685","8843.54089118597"
"383","Carex_microrhyncha|KAN|spm00004537","820.959885055063","53731.5413424346","1329.50736958685","8843.54089118597"
"384","Carex_nigromarginata|ALA|spm00001121","820.959885055063","53731.5413424346","1329.50736958685","8843.54089118597"
"385","Carex_pilulifera|POR|spm00000583","820.959885055063","53731.5413424346","1329.50736958685","8843.54089118597"
"386","Carex_montana|YUG|spm00000543","820.959885055063","53731.5413424346","1329.50736958685","8843.54089118597"
"387","Carex_fritschii|HUN|spm00002174","820.959885055063","53731.5413424346","1329.50736958685","8843.54089118597"
"388","Carex_supina_var_spaniocarpa|ASK|spm00001794","820.959885055063","53731.5413424346","1329.50736958685","8843.54089118597"
"389","Carex_glacialis|NFL|spm00001488","820.959885055063","53731.5413424346","1329.50736958685","8843.54089118597"
"390","Carex_liparocarpos_ssp_liparocarpos|SPA|spm00000556","820.959885055063","53731.5413424346","1329.50736958685","8843.54089118597"
"391","Carex_rhizina_ssp_rhizina|AUT|spm00002182","820.959885055063","53731.5413424346","1329.50736958685","8843.54089118597"
"392","Carex_pediformis_ssp_macroura|FIN|spm00003598","820.959885055063","53731.5413424346","1329.50736958685","8843.54089118597"
"393","Carex_brachyanthera|NWG|spm00007129","820.959885055063","53731.5413424346","1329.50736958685","8843.54089118597"
"394","Carex_pediformis_ssp_pediformis|CHC|spm00003390","820.959885055063","53731.5413424346","1329.50736958685","8843.54089118597"
"395","Carex_humilis|GER|NCBI_WM_3755","820.959885055063","53731.5413424346","1329.50736958685","8843.54089118597"
"396","Carex_callitrichos|KOR|spm00000335","820.959885055063","53731.5413424346","1329.50736958685","8843.54089118597"
"397","Carex_lanceolata|CHM|spm00006393","820.959885055063","53731.5413424346","1329.50736958685","8843.54089118597"
"398","Carex_concinna|MAN|NCBI_Kuzmina_2468","820.959885055063","53731.5413424346","1329.50736958685","8843.54089118597"
"399","Carex_richardsonii|MRY|spm00001220","820.959885055063","53731.5413424346","1329.50736958685","8843.54089118597"
"400","Carex_halleriana|SPA|spm00000557","820.959885055063","53731.5413424346","1329.50736958685","8843.54089118597"
"401","Carex_rorulenta|BAL|spm00003474","820.959885055063","53731.5413424346","1329.50736958685","8843.54089118597"
"402","Carex_hebecarpa|EHM|spm00005738","820.959885055063","53731.5413424346","1329.50736958685","8843.54089118597"
"403","Carex_melanocarpa|KHA|spm00003594","820.959885055063","53731.5413424346","1329.50736958685","8843.54089118597"
"404","Carex_ericetorum|ITA|spm00000551","820.959885055063","53731.5413424346","1329.50736958685","8843.54089118597"
"405","Carex_digitata|ITA|spm00000569","820.959885055063","53731.5413424346","1329.50736958685","8843.54089118597"
"406","Carex_pallens|FIN|spm00004388","820.959885055063","53731.5413424346","1329.50736958685","8843.54089118597"
"407","Carex_ornithopoda_ssp_ornithopoda|YUG|spm00000560","820.959885055063","53731.5413424346","1329.50736958685","8843.54089118597"
"408","Carex_ornithopoda_ssp_ornithopodioides||NCBI_HeRB_1945","820.959885055063","53731.5413424346","1329.50736958685","8843.54089118597"
"409","Carex_quadriflora|KOR|spm00000347","820.959885055063","53731.5413424346","1329.50736958685","8843.54089118597"
"410","Carex_rufulistolon|EHM|spm00005833","820.959885055063","53731.5413424346","1329.50736958685","8843.54089118597"
"411","Carex_inanis|EHM|spm00005746","820.959885055063","53731.5413424346","1329.50736958685","8843.54089118597"
"412","Carex_myosurus|VIE|spm00007888","820.959885055063","53731.5413424346","1329.50736958685","8843.54089118597"
"413","Carex_baccans||spm00007862","820.959885055063","53731.5413424346","1329.50736958685","8843.54089118597"
"414","Carex_petricosa_var_petricosa|NWT|NCBI_Gillespie_1850","820.959885055063","53731.5413424346","1329.50736958685","8843.54089118597"
"415","Carex_kitaibeliana|YUG|spm00000539","820.959885055063","53731.5413424346","1329.50736958685","8843.54089118597"
"416","Carex_metallica|JAP|NCBI_AUTHOR_Senni_586","820.959885055063","53731.5413424346","1329.50736958685","8843.54089118597"
"417","Carex_fuliginosa_ssp_misandra|ASK|spm00001627","820.959885055063","53731.5413424346","1329.50736958685","8843.54089118597"
"418","Carex_stenocarpa|CHC|spm00003385","820.959885055063","53731.5413424346","1329.50736958685","8843.54089118597"
"419","Carex_tristis|IRN|spm00000599","820.959885055063","53731.5413424346","1329.50736958685","8843.54089118597"
"420","Carex_assiniboinensis|MAN|spm00000722","820.959885055063","53731.5413424346","1329.50736958685","8843.54089118597"
"421","Carex_fusiformis|EHM|spm00005727","820.959885055063","53731.5413424346","1329.50736958685","8843.54089118597"
"422","Carex_macrolepis|ITA|spm00000536","820.959885055063","53731.5413424346","1329.50736958685","8843.54089118597"
"423","Carex_mucronata|ITA|spm00000534","820.959885055063","53731.5413424346","1329.50736958685","8843.54089118597"
"424","Carex_filicina|VIE|spm00007873","820.959885055063","53731.5413424346","1329.50736958685","8843.54089118597"
"425","Carex_cruciata|CHC|spm00005699","820.959885055063","53731.5413424346","1329.50736958685","8843.54089118597"
"426","Carex_insignis|EHM|spm00005755","820.959885055063","53731.5413424346","1329.50736958685","8843.54089118597"
"427","Carex_tristachya_var_tristachya|CHS|spm00000132","820.959885055063","53731.5413424346","1329.50736958685","8843.54089118597"
"428","Carex_breviscapa|VIE|spm00007865","820.959885055063","53731.5413424346","1329.50736958685","8843.54089118597"
"429","Carex_tristachya_var_pocilliformis|KOR|spm00000352","820.959885055063","53731.5413424346","1329.50736958685","8843.54089118597"
"430","Carex_eburnea|MIC|spm00000842","820.959885055063","53731.5413424346","1329.50736958685","8843.54089118597"
"431","Carex_alba|SPA|spm00000584","820.959885055063","53731.5413424346","1329.50736958685","8843.54089118597"
"432","Carex_ussuriensis|CHS|spm00000533","820.959885055063","53731.5413424346","1329.50736958685","8843.54089118597"
"433","Carex_lenta|KOR|NCBI_Jung_2368","820.959885055063","53731.5413424346","1329.50736958685","8843.54089118597"
"434","Carex_longicruris|EHM|spm00005770","820.959885055063","53731.5413424346","1329.50736958685","8843.54089118597"
"435","Carex_brunnea|CHC|spm00007866","820.959885055063","53731.5413424346","1329.50736958685","8843.54089118597"
"436","Carex_longipes|EHM|spm00005772","820.959885055063","53731.5413424346","1329.50736958685","8843.54089118597"
"437","Carex_aggregata|KTY|spm00000685","820.959885055063","53731.5413424346","1329.50736958685","8843.54089118597"
"438","Carex_gravida|TEN|spm00000970","820.959885055063","53731.5413424346","1329.50736958685","8843.54089118597"
"439","Carex_mesochorea|ALA|spm00001097","820.959885055063","53731.5413424346","1329.50736958685","8843.54089118597"
"440","Carex_leavenworthii|KTY|spm00005410","820.959885055063","53731.5413424346","1329.50736958685","8843.54089118597"
"441","Carex_sparganioides|DEL|spm00001289","820.959885055063","53731.5413424346","1329.50736958685","8843.54089118597"
"442","Carex_cephaloidea|MAI|spm00000804","820.959885055063","53731.5413424346","1329.50736958685","8843.54089118597"
"443","Carex_conjuncta|DEL|spm00000784","820.959885055063","53731.5413424346","1329.50736958685","8843.54089118597"
"444","Carex_alopecoidea|ILL|spm00001728","820.959885055063","53731.5413424346","1329.50736958685","8843.54089118597"
"445","Carex_vulpinoidea|CAL|spm00001351","820.959885055063","53731.5413424346","1329.50736958685","8843.54089118597"
"446","Carex_densa|ORE|spm00001669","820.959885055063","53731.5413424346","1329.50736958685","8843.54089118597"
"447","Carex_annectens|ALA|spm00000730","820.959885055063","53731.5413424346","1329.50736958685","8843.54089118597"
"448","Carex_cephalophora|MRY|spm00000828","820.959885055063","53731.5413424346","1329.50736958685","8843.54089118597"
"449","Carex_muehlenbergii_var_muehlenbergii|WIS|spm00002520","820.959885055063","53731.5413424346","1329.50736958685","8843.54089118597"
"450","Carex_cruscorvi|FLA|spm00000822","820.959885055063","53731.5413424346","1329.50736958685","8843.54089118597"
"451","Carex_conferta|ETH|spm00000184","820.959885055063","53731.5413424346","1329.50736958685","8843.54089118597"
"452","Carex_nervina|CAL|spm00001840","820.959885055063","53731.5413424346","1329.50736958685","8843.54089118597"
"453","Carex_laevivaginata|ALA|spm00000993","820.959885055063","53731.5413424346","1329.50736958685","8843.54089118597"
"454","Carex_stipata_var_stipata|MAN|spm00001253","820.959885055063","53731.5413424346","1329.50736958685","8843.54089118597"
"455","Carex_decomposita|DEL|spm00000836","820.959885055063","53731.5413424346","1329.50736958685","8843.54089118597"
"456","Carex_vernacula|CAL|spm00005382","820.959885055063","53731.5413424346","1329.50736958685","8843.54089118597"
"457","Carex_praegracilis|CAL|spm00001157","820.959885055063","53731.5413424346","1329.50736958685","8843.54089118597"
"458","Carex_pansa|CAL|spm00001964","820.959885055063","53731.5413424346","1329.50736958685","8843.54089118597"
"459","Carex_diandra|CAL|spm00000840","820.959885055063","53731.5413424346","1329.50736958685","8843.54089118597"
"460","Carex_prairea|BRC|spm00001951","820.959885055063","53731.5413424346","1329.50736958685","8843.54089118597"
"461","Carex_cusickii|BRC|spm00002004","820.959885055063","53731.5413424346","1329.50736958685","8843.54089118597"
"462","Carex_simulata|CAL|spm00001284","820.959885055063","53731.5413424346","1329.50736958685","8843.54089118597"
"463","Carex_colchica|UKR|spm00002173","820.959885055063","53731.5413424346","1329.50736958685","8843.54089118597"
"464","Carex_praecox|HUN|spm00002176","820.959885055063","53731.5413424346","1329.50736958685","8843.54089118597"
"465","Carex_brizoides|GER|spm00005239","820.959885055063","53731.5413424346","1329.50736958685","8843.54089118597"
"466","Carex_arenaria|DEL|spm00000733","820.959885055063","53731.5413424346","1329.50736958685","8843.54089118597"
"467","Carex_pseudobrizoides|POL|spm00002177","820.959885055063","53731.5413424346","1329.50736958685","8843.54089118597"
"468","Carex_remota|YUG|spm00006118","820.959885055063","53731.5413424346","1329.50736958685","8843.54089118597"
"469","Carex_rochebrunii|CHT|spm00006409","820.959885055063","53731.5413424346","1329.50736958685","8843.54089118597"
"470","Carex_planata|JAP|spm00005429","820.959885055063","53731.5413424346","1329.50736958685","8843.54089118597"
"471","Carex_parallela|KHA|spm00006471","820.959885055063","53731.5413424346","1329.50736958685","8843.54089118597"
"472","Carex_gynocrates|ASK|spm00001630","820.959885055063","53731.5413424346","1329.50736958685","8843.54089118597"
"473","Carex_dioica|SWE|spm00004523","820.959885055063","53731.5413424346","1329.50736958685","8843.54089118597"
"474","Carex_davalliana|FIN|spm00003596","820.959885055063","53731.5413424346","1329.50736958685","8843.54089118597"
"475","Carex_duriuscula|ASK|spm00001653","820.959885055063","53731.5413424346","1329.50736958685","8843.54089118597"
"476","Carex_stenophylla|HUN|spm00002178","820.959885055063","53731.5413424346","1329.50736958685","8843.54089118597"
"477","Carex_divisa|MRY|spm00002064","820.959885055063","53731.5413424346","1329.50736958685","8843.54089118597"
"478","Carex_paniculata_ssp_lusitanica|SPA|spm00002563","820.959885055063","53731.5413424346","1329.50736958685","8843.54089118597"
"479","Carex_paniculata_ssp_paniculata|GRC|spm00006108","820.959885055063","53731.5413424346","1329.50736958685","8843.54089118597"
"480","Carex_paniculata_ssp_calderae|CNY|NCBI_JACA_8893","820.959885055063","53731.5413424346","1329.50736958685","8843.54089118597"
"481","Carex_canariensis|CNY|spm00002291","820.959885055063","53731.5413424346","1329.50736958685","8843.54089118597"
"482","Carex_muricata_ssp_muricata|POL|spm00004400","820.959885055063","53731.5413424346","1329.50736958685","8843.54089118597"
"483","Carex_leersii|NET|spm00004394","820.959885055063","53731.5413424346","1329.50736958685","8843.54089118597"
"484","Carex_pairae|SPA|spm00004403","820.959885055063","53731.5413424346","1329.50736958685","8843.54089118597"
"485","Carex_divulsa|NET|spm00004392","820.959885055063","53731.5413424346","1329.50736958685","8843.54089118597"
"486","Carex_vulpina|GER|NCBI_HMH_2086","820.959885055063","53731.5413424346","1329.50736958685","8843.54089118597"
"487","Carex_otrubae|SPA|spm00000559","820.959885055063","53731.5413424346","1329.50736958685","8843.54089118597"
"488","Carex_muricata_ssp_ashokae|IRN|spm00004581","820.959885055063","53731.5413424346","1329.50736958685","8843.54089118597"
"489","Carex_spicata_ssp_spicata|BUL|spm00001272","820.959885055063","53731.5413424346","1329.50736958685","8843.54089118597"
"490","Carex_glomerabilis|CPP|spm00000194","820.959885055063","53731.5413424346","1329.50736958685","8843.54089118597"
"491","Carex_mackenziei|ASK|spm00001657","820.959885055063","53731.5413424346","1329.50736958685","8843.54089118597"
"492","Carex_lachenalii_ssp_lachenalii|ASK|spm00001640","820.959885055063","53731.5413424346","1329.50736958685","8843.54089118597"
"493","Carex_nemurensis|SAK|spm00006074","820.959885055063","53731.5413424346","1329.50736958685","8843.54089118597"
"494","Carex_glareosa_ssp_glareosa|MAN|spm00001756","820.959885055063","53731.5413424346","1329.50736958685","8843.54089118597"
"495","Carex_ursina|YUK|spm00001975","820.959885055063","53731.5413424346","1329.50736958685","8843.54089118597"
"496","Carex_heleonastes|ABT|spm00001954","820.959885055063","53731.5413424346","1329.50736958685","8843.54089118597"
"497","Carex_trisperma_var_trisperma|GNL|spm00006097","820.959885055063","53731.5413424346","1329.50736958685","8843.54089118597"
"498","Carex_loliacea|ASK|spm00001650","820.959885055063","53731.5413424346","1329.50736958685","8843.54089118597"
"499","Carex_marina_ssp_marina|MAN|spm00001746","820.959885055063","53731.5413424346","1329.50736958685","8843.54089118597"
"500","Carex_tenuiflora|MAN|spm00001313","820.959885055063","53731.5413424346","1329.50736958685","8843.54089118597"
"501","Carex_brunnescens_ssp_sphaerostachya|ONT|spm00005986","820.959885055063","53731.5413424346","1329.50736958685","8843.54089118597"
"502","Carex_brunnescens_ssp_brunnescens|FIN|spm00005972","820.959885055063","53731.5413424346","1329.50736958685","8843.54089118597"
"503","Carex_lucennoiberica|SPA|spm00006015","820.959885055063","53731.5413424346","1329.50736958685","8843.54089118597"
"504","Carex_furva|SPA|spm00006018","820.959885055063","53731.5413424346","1329.50736958685","8843.54089118597"
"505","Carex_canescens_ssp_disjuncta|NFL|spm00001496","820.959885055063","53731.5413424346","1329.50736958685","8843.54089118597"
"506","Carex_lapponica|ASK|spm00001641","820.959885055063","53731.5413424346","1329.50736958685","8843.54089118597"
"507","Carex_canescens_ssp_canescens|FIN|spm00005994","820.959885055063","53731.5413424346","1329.50736958685","8843.54089118597"
"508","Carex_arctiformis|BRC|spm00001851","820.959885055063","53731.5413424346","1329.50736958685","8843.54089118597"
"509","Carex_traiziscana|JAP|spm00006095","820.959885055063","53731.5413424346","1329.50736958685","8843.54089118597"
"510","Carex_bonanzensis|ASK|spm00001820","820.959885055063","53731.5413424346","1329.50736958685","8843.54089118597"
"511","Carex_illota|CAL|spm00000961","820.959885055063","53731.5413424346","1329.50736958685","8843.54089118597"
"512","Carex_arcta|ASK|spm00000710","820.959885055063","53731.5413424346","1329.50736958685","8843.54089118597"
"513","Carex_laeviculmis|CAL|spm00001397","820.959885055063","53731.5413424346","1329.50736958685","8843.54089118597"
"514","Carex_atlantica_ssp_atlantica|FLA|spm00000718","820.959885055063","53731.5413424346","1329.50736958685","8843.54089118597"
"515","Carex_atlantica_ssp_capillacea|PEN|spm00005432","820.959885055063","53731.5413424346","1329.50736958685","8843.54089118597"
"516","Carex_interior|MIC|spm00000972","820.959885055063","53731.5413424346","1329.50736958685","8843.54089118597"
"517","Carex_omiana|JAP|NCBI_Waterway_3651","820.959885055063","53731.5413424346","1329.50736958685","8843.54089118597"
"518","Carex_echinata_ssp_echinata|ASK|spm00001633","820.959885055063","53731.5413424346","1329.50736958685","8843.54089118597"
"519","Carex_exilis|DEL|spm00000887","820.959885055063","53731.5413424346","1329.50736958685","8843.54089118597"
"520","Carex_seorsa|DEL|spm00001242","820.959885055063","53731.5413424346","1329.50736958685","8843.54089118597"
"521","Carex_elongata|RUC|spm00005949","820.959885055063","53731.5413424346","1329.50736958685","8843.54089118597"
"522","Carex_foetida|SWI|spm00000565","820.959885055063","53731.5413424346","1329.50736958685","8843.54089118597"
"523","Carex_sectoides|NZ|NCBI_AUTHOR_Gardner_306","820.959885055063","53731.5413424346","1329.50736958685","8843.54089118597"
"524","Carex_secta|NZ|NCBI_Waterway_3650","820.959885055063","53731.5413424346","1329.50736958685","8843.54089118597"
"525","Carex_tenuiculmis|NZS|NCBI_AK_311164","820.959885055063","53731.5413424346","1329.50736958685","8843.54089118597"
"526","Carex_appropinquata|GER|spm00002248","820.959885055063","53731.5413424346","1329.50736958685","8843.54089118597"
"527","Carex_leptopoda|BRC|spm00001399","820.959885055063","53731.5413424346","1329.50736958685","8843.54089118597"
"528","Carex_bolanderi|CAL|spm00001414","820.959885055063","53731.5413424346","1329.50736958685","8843.54089118597"
"529","Carex_infirminervia|CAL|spm00001398","820.959885055063","53731.5413424346","1329.50736958685","8843.54089118597"
"530","Carex_deweyana_var_deweyana|MAN|spm00001039","820.959885055063","53731.5413424346","1329.50736958685","8843.54089118597"
"531","Carex_rosea|MAI|spm00001214","820.959885055063","53731.5413424346","1329.50736958685","8843.54089118597"
"532","Carex_radiata|MIC|spm00001198","820.959885055063","53731.5413424346","1329.50736958685","8843.54089118597"
"533","Carex_appalachica|MAS|spm00000721","820.959885055063","53731.5413424346","1329.50736958685","8843.54089118597"
"534","Carex_socialis|ALA|spm00001288","820.959885055063","53731.5413424346","1329.50736958685","8843.54089118597"
"535","Carex_retroflexa|DEL|spm00001190","820.959885055063","53731.5413424346","1329.50736958685","8843.54089118597"
"536","Carex_kobomugi|VRG|spm00000979","820.959885055063","53731.5413424346","1329.50736958685","8843.54089118597"
"537","Carex_macrocephala|ASK|spm00001434","820.959885055063","53731.5413424346","1329.50736958685","8843.54089118597"
"538","Carex_neurocarpa|PRM|spm00006483","820.959885055063","53731.5413424346","1329.50736958685","8843.54089118597"
"539","Carex_leiorhyncha|KOR|spm00002471","820.959885055063","53731.5413424346","1329.50736958685","8843.54089118597"
"540","Carex_nubigena|CHC|spm00003362","820.959885055063","53731.5413424346","1329.50736958685","8843.54089118597"
"541","Carex_albata|JAP|spm00005254","820.959885055063","53731.5413424346","1329.50736958685","8843.54089118597"
"542","Carex_tribuloides_var_sangamonensis|MSI|spm00002714","820.959885055063","53731.5413424346","1329.50736958685","8843.54089118597"
"543","Carex_projecta|MAN|spm00001176","820.959885055063","53731.5413424346","1329.50736958685","8843.54089118597"
"544","Carex_bebbii|MAN|spm00000745","820.959885055063","53731.5413424346","1329.50736958685","8843.54089118597"
"545","Carex_cristatella|KTY|spm00000800","820.959885055063","53731.5413424346","1329.50736958685","8843.54089118597"
"546","Carex_tribuloides_var_tribuloides|SCA|spm00001323","820.959885055063","53731.5413424346","1329.50736958685","8843.54089118597"
"547","Carex_crawfordii|ILL|spm00002161","820.959885055063","53731.5413424346","1329.50736958685","8843.54089118597"
"548","Carex_cumulata|ILL|spm00000871","820.959885055063","53731.5413424346","1329.50736958685","8843.54089118597"
"549","Carex_opaca|OKL|spm00001133","820.959885055063","53731.5413424346","1329.50736958685","8843.54089118597"
"550","Carex_shinnersii|TEN|spm00001225","820.959885055063","53731.5413424346","1329.50736958685","8843.54089118597"
"551","Carex_missouriensis|ILL|spm00001067","820.959885055063","53731.5413424346","1329.50736958685","8843.54089118597"
"552","Carex_muskingumensis|MIC|spm00001115","820.959885055063","53731.5413424346","1329.50736958685","8843.54089118597"
"553","Carex_merrittfernaldii|MAN|spm00001051","820.959885055063","53731.5413424346","1329.50736958685","8843.54089118597"
"554","Carex_bicknellii|INI|spm00000744","820.959885055063","53731.5413424346","1329.50736958685","8843.54089118597"
"555","Carex_reniformis|GEO|spm00001187","820.959885055063","53731.5413424346","1329.50736958685","8843.54089118597"
"556","Carex_tenera|MAN|spm00001750","820.959885055063","53731.5413424346","1329.50736958685","8843.54089118597"
"557","Carex_echinodes|WIS|spm00002699","820.959885055063","53731.5413424346","1329.50736958685","8843.54089118597"
"558","Carex_oronensis|MAI|spm00001898","820.959885055063","53731.5413424346","1329.50736958685","8843.54089118597"
"559","Carex_normalis|ALA|spm00001059","820.959885055063","53731.5413424346","1329.50736958685","8843.54089118597"
"560","Carex_silicea|DEL|spm00001232","820.959885055063","53731.5413424346","1329.50736958685","8843.54089118597"
"561","Carex_festucacea|TEX|spm00000892","820.959885055063","53731.5413424346","1329.50736958685","8843.54089118597"
"562","Carex_brevior|BRC|spm00001823","820.959885055063","53731.5413424346","1329.50736958685","8843.54089118597"
"563","Carex_molestiformis|ARK|spm00001073","820.959885055063","53731.5413424346","1329.50736958685","8843.54089118597"
"564","Carex_molesta|DEL|spm00001070","820.959885055063","53731.5413424346","1329.50736958685","8843.54089118597"
"565","Carex_hyalina|MSI|spm00000912","820.959885055063","53731.5413424346","1329.50736958685","8843.54089118597"
"566","Carex_tincta|MAI|spm00001342","820.959885055063","53731.5413424346","1329.50736958685","8843.54089118597"
"567","Carex_tetrastachya|TEX|spm00001269","820.959885055063","53731.5413424346","1329.50736958685","8843.54089118597"
"568","Carex_feta|CAL|spm00000893","820.959885055063","53731.5413424346","1329.50736958685","8843.54089118597"
"569","Carex_leporina|WIS|spm00001780","820.959885055063","53731.5413424346","1329.50736958685","8843.54089118597"
"570","Carex_albolutescens|OKL|spm00000694","820.959885055063","53731.5413424346","1329.50736958685","8843.54089118597"
"571","Carex_waponahkikensis|MAI|spm00002632","820.959885055063","53731.5413424346","1329.50736958685","8843.54089118597"
"572","Carex_scoparia|MAI|spm00001255","820.959885055063","53731.5413424346","1329.50736958685","8843.54089118597"
"573","Carex_suberecta|ARK|spm00001559","820.959885055063","53731.5413424346","1329.50736958685","8843.54089118597"
"574","Carex_alata|ALA|spm00000687","820.959885055063","53731.5413424346","1329.50736958685","8843.54089118597"
"575","Carex_longii|ARK|spm00001001","820.959885055063","53731.5413424346","1329.50736958685","8843.54089118597"
"576","Carex_vexans|FLA|spm00001366","820.959885055063","53731.5413424346","1329.50736958685","8843.54089118597"
"577","Carex_straminea|DEL|spm00001252","820.959885055063","53731.5413424346","1329.50736958685","8843.54089118597"
"578","Carex_hormathodes|NSC|spm00002114","820.959885055063","53731.5413424346","1329.50736958685","8843.54089118597"
"579","Carex_ozarkana|ARK|spm00002557","820.959885055063","53731.5413424346","1329.50736958685","8843.54089118597"
"580","Carex_athrostachya|CAL|spm00000727","820.959885055063","53731.5413424346","1329.50736958685","8843.54089118597"
"581","Carex_leporinella|WAS|spm00001613","820.959885055063","53731.5413424346","1329.50736958685","8843.54089118597"
"582","Carex_sychnocephala|ONT|spm00001900","820.959885055063","53731.5413424346","1329.50736958685","8843.54089118597"
"583","Carex_petasata|UTA|spm00001192","820.959885055063","53731.5413424346","1329.50736958685","8843.54089118597"
"584","Carex_xerantica|ONT|spm00001913","820.959885055063","53731.5413424346","1329.50736958685","8843.54089118597"
"585","Carex_adusta|ABT|spm00002072","820.959885055063","53731.5413424346","1329.50736958685","8843.54089118597"
"586","Carex_subbracteata|CAL|spm00001955","820.959885055063","53731.5413424346","1329.50736958685","8843.54089118597"
"587","Carex_gracilior|CAL|spm00001692","820.959885055063","53731.5413424346","1329.50736958685","8843.54089118597"
"588","Carex_pachystachya|ASK|spm00001864","820.959885055063","53731.5413424346","1329.50736958685","8843.54089118597"
"589","Carex_preslii|ORE|spm00001174","820.959885055063","53731.5413424346","1329.50736958685","8843.54089118597"
"590","Carex_harfordii|CAL|spm00000965","820.959885055063","53731.5413424346","1329.50736958685","8843.54089118597"
"591","Carex_macloviana||spm00002163","820.959885055063","53731.5413424346","1329.50736958685","8843.54089118597"
"592","Carex_subfusca|CAL|spm00001868","820.959885055063","53731.5413424346","1329.50736958685","8843.54089118597"
"593","Carex_microptera|COL|spm00001880","820.959885055063","53731.5413424346","1329.50736958685","8843.54089118597"
"594","Carex_ebenea|ARI|spm00001870","820.959885055063","53731.5413424346","1329.50736958685","8843.54089118597"
"595","Carex_haydeniana|UTA|spm00002432","820.959885055063","53731.5413424346","1329.50736958685","8843.54089118597"
"596","Carex_peucophila|MXC|spm00002576","820.959885055063","53731.5413424346","1329.50736958685","8843.54089118597"
"597","Carex_multicostata|CAL|spm00001093","820.959885055063","53731.5413424346","1329.50736958685","8843.54089118597"
"598","Carex_fracta|CAL|spm00000896","820.959885055063","53731.5413424346","1329.50736958685","8843.54089118597"
"599","Carex_abrupta|CAL|spm00002224","820.959885055063","53731.5413424346","1329.50736958685","8843.54089118597"
"600","Carex_mariposana|ARI|spm00001884","820.959885055063","53731.5413424346","1329.50736958685","8843.54089118597"
"601","Carex_integra|CAL|spm00000977","820.959885055063","53731.5413424346","1329.50736958685","8843.54089118597"
"602","Carex_bohemica|FIN|spm00002276","820.959885055063","53731.5413424346","1329.50736958685","8843.54089118597"
"603","Carex_phaeocephala|NEV|spm00001193","820.959885055063","53731.5413424346","1329.50736958685","8843.54089118597"
"604","Carex_davyi|CAL|spm00001459","820.959885055063","53731.5413424346","1329.50736958685","8843.54089118597"
"605","Carex_argyrantha|MRY|spm00000734","820.959885055063","53731.5413424346","1329.50736958685","8843.54089118597"
"606","Carex_foenea|BRC|spm00002000","820.959885055063","53731.5413424346","1329.50736958685","8843.54089118597"
"607","Carex_praticola|COL|spm00001163","820.959885055063","53731.5413424346","1329.50736958685","8843.54089118597"
"608","Carex_roraimensis||NCBI_Reznicek_3159","820.959885055063","53731.5413424346","1329.50736958685","8843.54089118597"
"609","Carex_lithophila|KOR|spm00000328","820.959885055063","53731.5413424346","1329.50736958685","8843.54089118597"
"610","Carex_disticha|ONT|spm00005395","820.959885055063","53731.5413424346","1329.50736958685","8843.54089118597"
"611","Carex_sartwellii|BRC|spm00001982","820.959885055063","53731.5413424346","1329.50736958685","8843.54089118597"
"612","Carex_paxii|JAP|spm00006668","820.959885055063","53731.5413424346","1329.50736958685","8843.54089118597"
"613","Carex_curaica|KRA|spm00002337","820.959885055063","53731.5413424346","1329.50736958685","8843.54089118597"
"614","Carex_hookeriana|MAN|spm00005409","820.959885055063","53731.5413424346","1329.50736958685","8843.54089118597"
"615","Carex_hoodii|CAL|spm00001930","820.959885055063","53731.5413424346","1329.50736958685","8843.54089118597"
"616","Carex_enervis||NCBI_Ho_2089","820.959885055063","53731.5413424346","1329.50736958685","8843.54089118597"
"617","Carex_maritima|YUK|spm00002500","820.959885055063","53731.5413424346","1329.50736958685","8843.54089118597"
"618","Carex_pseudofoetida_ssp_pseudofoetida|CHQ|spm00005820","820.959885055063","53731.5413424346","1329.50736958685","8843.54089118597"
"619","Carex_reptabunda|CHX|spm00006415","820.959885055063","53731.5413424346","1329.50736958685","8843.54089118597"
"620","Carex_siccata|ONT|spm00002070","820.959885055063","53731.5413424346","1329.50736958685","8843.54089118597"
"621","Carex_pseudocuraica|CH|spm00002605","820.959885055063","53731.5413424346","1329.50736958685","8843.54089118597"
"622","Carex_chordorrhiza|BRC|spm00001925","820.959885055063","53731.5413424346","1329.50736958685","8843.54089118597"
"623","Carex_disperma|ASK|spm00001652","820.959885055063","53731.5413424346","1329.50736958685","8843.54089118597"
"624","Carex_muelleri|NZ|NCBI_AUTHOR_Gardner_301","820.959885055063","53731.5413424346","1329.50736958685","8843.54089118597"
"625","Carex_trachycarpa||spm00002713","820.959885055063","53731.5413424346","1329.50736958685","8843.54089118597"
"626","Carex_kirkii||spm00004417","820.959885055063","53731.5413424346","1329.50736958685","8843.54089118597"
"627","Carex_colensoi|NZ|NCBI_AUTHOR_Gardner_328","820.959885055063","53731.5413424346","1329.50736958685","8843.54089118597"
"628","Carex_kaloides|NZ|NCBI_AUTHOR_Gardner_321","820.959885055063","53731.5413424346","1329.50736958685","8843.54089118597"
"629","Carex_inversa|NZ|NCBI_AUTHOR_Gardner_286","820.959885055063","53731.5413424346","1329.50736958685","8843.54089118597"
"630","Carex_resectans|NZN|spm00002618","820.959885055063","53731.5413424346","1329.50736958685","8843.54089118597"
"631","Carex_maackii|JAP|spm00002491","820.959885055063","53731.5413424346","1329.50736958685","8843.54089118597"
"632","Carex_bromoides|WIS|spm00002284","820.959885055063","53731.5413424346","1329.50736958685","8843.54089118597"
"633","Carex_pachystylis|UZB|spm00003472","820.959885055063","53731.5413424346","1329.50736958685","8843.54089118597"
"634","Carex_physodes|TZK|spm00005427","820.959885055063","53731.5413424346","1329.50736958685","8843.54089118597"
"635","Carex_gibba|CHH|spm00005244","820.959885055063","53731.5413424346","1329.50736958685","8843.54089118597"
"636","Carex_erythrovaginata|NZ|spm00005096","820.959885055063","53731.5413424346","1329.50736958685","8843.54089118597"
"637","Carex_potens||spm00004430","820.959885055063","53731.5413424346","1329.50736958685","8843.54089118597"
"638","Carex_cyanea|NZ|spm00005097","820.959885055063","53731.5413424346","1329.50736958685","8843.54089118597"
"639","Carex_healyi|NZN|spm00005107","820.959885055063","53731.5413424346","1329.50736958685","8843.54089118597"
"640","Carex_hamlinii|NZS|NCBI_AUTHOR_Gardner_333","820.959885055063","53731.5413424346","1329.50736958685","8843.54089118597"
"641","Carex_umbricola||spm00005220","820.959885055063","53731.5413424346","1329.50736958685","8843.54089118597"
"642","Carex_egmontiana||spm00004416","820.959885055063","53731.5413424346","1329.50736958685","8843.54089118597"
"643","Carex_silvestris||spm00004421","820.959885055063","53731.5413424346","1329.50736958685","8843.54089118597"
"644","Carex_purpurata||spm00004431","820.959885055063","53731.5413424346","1329.50736958685","8843.54089118597"
"645","Carex_punicea|NZS|spm00005105","820.959885055063","53731.5413424346","1329.50736958685","8843.54089118597"
"646","Carex_strictissima|NZS|spm00004413","820.959885055063","53731.5413424346","1329.50736958685","8843.54089118597"
"647","Carex_penalpina|NZS|NCBI_AUTHOR_Gardner_335","820.959885055063","53731.5413424346","1329.50736958685","8843.54089118597"
"648","Carex_subviridis||spm00004429","820.959885055063","53731.5413424346","1329.50736958685","8843.54089118597"
"649","Carex_minor||spm00004412","820.959885055063","53731.5413424346","1329.50736958685","8843.54089118597"
"650","Carex_banksiana|NZ|spm00005085","820.959885055063","53731.5413424346","1329.50736958685","8843.54089118597"
"651","Carex_aucklandica||spm00004410","820.959885055063","53731.5413424346","1329.50736958685","8843.54089118597"
"652","Carex_horizontalis|NZS|spm00005106","820.959885055063","53731.5413424346","1329.50736958685","8843.54089118597"
"653","Carex_zotovii||spm00004411","820.959885055063","53731.5413424346","1329.50736958685","8843.54089118597"
"654","Carex_astricta||spm00004420","820.959885055063","53731.5413424346","1329.50736958685","8843.54089118597"
"655","Carex_obtusifolia||spm00004428","820.959885055063","53731.5413424346","1329.50736958685","8843.54089118597"
"656","Carex_imbecilla||spm00004419","820.959885055063","53731.5413424346","1329.50736958685","8843.54089118597"
"657","Carex_corynoidea|NZ|spm00005087","820.959885055063","53731.5413424346","1329.50736958685","8843.54089118597"
"658","Carex_megalepis|NZ|spm00005089","820.959885055063","53731.5413424346","1329.50736958685","8843.54089118597"
"659","Carex_perplexa||spm00004409","820.959885055063","53731.5413424346","1329.50736958685","8843.54089118597"
"660","Carex_uncinata|NZN|spm00005112","820.959885055063","53731.5413424346","1329.50736958685","8843.54089118597"
"661","Carex_crispa||spm00004422","820.959885055063","53731.5413424346","1329.50736958685","8843.54089118597"
"662","Carex_edura|NZS|spm00002184","820.959885055063","53731.5413424346","1329.50736958685","8843.54089118597"
"663","Carex_erebus||spm00004424","820.959885055063","53731.5413424346","1329.50736958685","8843.54089118597"
"664","Carex_austrocompacta|TDC|spm00005930","820.959885055063","53731.5413424346","1329.50736958685","8843.54089118597"
"665","Carex_longifructus||spm00004426","820.959885055063","53731.5413424346","1329.50736958685","8843.54089118597"
"666","Carex_drucei||spm00004418","820.959885055063","53731.5413424346","1329.50736958685","8843.54089118597"
"667","Carex_parvispica||spm00004427","820.959885055063","53731.5413424346","1329.50736958685","8843.54089118597"
"668","Carex_subtilis||spm00004415","820.959885055063","53731.5413424346","1329.50736958685","8843.54089118597"
"669","Carex_phleoides_ssp_phleoides|CLC|spm00005103","820.959885055063","53731.5413424346","1329.50736958685","8843.54089118597"
"670","Carex_willdenowii|KTY|spm00000624","820.959885055063","53731.5413424346","1329.50736958685","8843.54089118597"
"671","Carex_jamesii|ALA|spm00000630","820.959885055063","53731.5413424346","1329.50736958685","8843.54089118597"
"672","Carex_backii|BRC|spm00002007","820.959885055063","53731.5413424346","1329.50736958685","8843.54089118597"
"673","Carex_saximontana|COL|spm00001727","820.959885055063","53731.5413424346","1329.50736958685","8843.54089118597"
"674","Carex_latebracteata|ARK|spm00001383","820.959885055063","53731.5413424346","1329.50736958685","8843.54089118597"
"675","Carex_arctogena|CAL|NCBI_CAL_55","820.959885055063","53731.5413424346","1329.50736958685","8843.54089118597"
"676","Carex_capitata|KRA|spm00002036","820.959885055063","53731.5413424346","1329.50736958685","8843.54089118597"
"677","Carex_runssoroensis|UGA|spm00000227","820.959885055063","53731.5413424346","1329.50736958685","8843.54089118597"
"678","Carex_obtusata|MAN|spm00001107","820.959885055063","53731.5413424346","1329.50736958685","8843.54089118597"
"679","Carex_argunensis|KHA|spm00006472","820.959885055063","53731.5413424346","1329.50736958685","8843.54089118597"
"680","Carex_rupestris|FRA|spm00005213","820.959885055063","53731.5413424346","1329.50736958685","8843.54089118597"
"681","Carex_microglochin|NOR|spm00001705","820.959885055063","53731.5413424346","1329.50736958685","8843.54089118597"
"682","Carex_nardina|QUE|spm00001510","820.959885055063","53731.5413424346","1329.50736958685","8843.54089118597"
"683","Carex_micropoda|ASK|spm00001632","820.959885055063","53731.5413424346","1329.50736958685","8843.54089118597"
"684","Carex_nigricans|ASK|spm00001638","820.959885055063","53731.5413424346","1329.50736958685","8843.54089118597"
"685","Carex_pyrenaica|SPA|spm00000582","820.959885055063","53731.5413424346","1329.50736958685","8843.54089118597"
"686","Carex_pauciflora|ASK|spm00001142","820.959885055063","53731.5413424346","1329.50736958685","8843.54089118597"
"687","Carex_anthoxanthea|WAS|spm00001568","820.959885055063","53731.5413424346","1329.50736958685","8843.54089118597"
"688","Carex_filifolia_var_filifolia|CAL|spm00001432","820.959885055063","53731.5413424346","1329.50736958685","8843.54089118597"
"689","Carex_onoei|CHM|spm00004513","820.959885055063","53731.5413424346","1329.50736958685","8843.54089118597"
"690","Carex_leptalea|MIC|spm00001032","820.959885055063","53731.5413424346","1329.50736958685","8843.54089118597"
"691","Carex_parvula||spm00003656","820.959885055063","53731.5413424346","1329.50736958685","8843.54089118597"
"692","Carex_macroprophylla|CHC|spm00003400","820.959885055063","53731.5413424346","1329.50736958685","8843.54089118597"
"693","Carex_deasyi|EHM|spm00005198","820.959885055063","53731.5413424346","1329.50736958685","8843.54089118597"
"694","Carex_neesii|EHM|spm00005194","820.959885055063","53731.5413424346","1329.50736958685","8843.54089118597"
"695","Carex_cercostachys|EHM|spm00005901","820.959885055063","53731.5413424346","1329.50736958685","8843.54089118597"
"696","Carex_borealipolaris|MNT|spm00001831","820.959885055063","53731.5413424346","1329.50736958685","8843.54089118597"
"697","Carex_myosuroides|FRA|spm00005196","820.959885055063","53731.5413424346","1329.50736958685","8843.54089118597"
"698","Carex_esenbeckii|EHM|spm00005193","820.959885055063","53731.5413424346","1329.50736958685","8843.54089118597"
"699","Carex_simpliciuscula|CHT|spm00003402","820.959885055063","53731.5413424346","1329.50736958685","8843.54089118597"
"700","Carex_clavispica|EHM|spm00005903","820.959885055063","53731.5413424346","1329.50736958685","8843.54089118597"
"701","Carex_alatauensis|AFG|spm00003401","820.959885055063","53731.5413424346","1329.50736958685","8843.54089118597"
"702","Carex_bonatiana|EHM|spm00005907","820.959885055063","53731.5413424346","1329.50736958685","8843.54089118597"
"703","Carex_ludwigii|NAT|spm00003207","820.959885055063","53731.5413424346","1329.50736958685","8843.54089118597"
"704","Carex_uhligii|NAT|spm00003194","820.959885055063","53731.5413424346","1329.50736958685","8843.54089118597"
"705","Carex_schimperiana|NAT|spm00007800","820.959885055063","53731.5413424346","1329.50736958685","8843.54089118597"
"706","Carex_spartea|NAT|spm00007814","820.959885055063","53731.5413424346","1329.50736958685","8843.54089118597"
"707","Carex_perdensa|NAT|spm00003218","820.959885055063","53731.5413424346","1329.50736958685","8843.54089118597"
"708","Carex_burkei|CPP|spm00007785","820.959885055063","53731.5413424346","1329.50736958685","8843.54089118597"
"709","Carex_killickii|NAT|spm00007793","820.959885055063","53731.5413424346","1329.50736958685","8843.54089118597"
"710","Carex_capensis|CPP|spm00003263","820.959885055063","53731.5413424346","1329.50736958685","8843.54089118597"
"711","Carex_lancea|CPP|spm00003764","820.959885055063","53731.5413424346","1329.50736958685","8843.54089118597"
"712","Carex_multispiculata|NAT|spm00003765","820.959885055063","53731.5413424346","1329.50736958685","8843.54089118597"
"713","Carex_schweickerdtii|NAT|spm00007770","820.959885055063","53731.5413424346","1329.50736958685","8843.54089118597"
"714","Carex_peregrina|MDR|spm00000564","820.959885055063","53731.5413424346","1329.50736958685","8843.54089118597"
"715","Carex_pulicaris|GRB|spm00005180","820.959885055063","53731.5413424346","1329.50736958685","8843.54089118597"
"716","Carex_phyllostachys|TUR|spm00005164","820.959885055063","53731.5413424346","1329.50736958685","8843.54089118597"
"717","Carex_oedipostyla|SPA|spm00000587","820.959885055063","53731.5413424346","1329.50736958685","8843.54089118597"
"718","Carex_distachya|SPA|spm00000588","820.959885055063","53731.5413424346","1329.50736958685","8843.54089118597"
"719","Carex_curvula_ssp_curvula|SPA|spm00003091","820.959885055063","53731.5413424346","1329.50736958685","8843.54089118597"
"720","Carex_baldensis|SWI|spm00005242","820.959885055063","53731.5413424346","1329.50736958685","8843.54089118597"
"721","Carex_bostrychostigma|JAP|spm00003784","820.959885055063","53731.5413424346","1329.50736958685","8843.54089118597"
"722","Carex_dissitiflora|JAP|spm00007871","820.959885055063","53731.5413424346","1329.50736958685","8843.54089118597"
"723","Carex_satsumensis|TAI|spm00005838","820.959885055063","53731.5413424346","1329.50736958685","8843.54089118597"
"724","Carex_okamotoi|KOR|NCBI_Hoshino_2100","820.959885055063","1354.24065439708","1329.50736958685","8843.54089118597"
"725","Carex_siderosticta||spm00007900","820.959885055063","1354.24065439708","1329.50736958685","8843.54089118597"
"726","Carex_pachygyna|JAP|spm00002558","820.959885055063","1354.24065439708","1329.50736958685","8843.54089118597"
"727","Carex_ciliatomarginata|CH|NCBI_Jin_2300","820.959885055063","1354.24065439708","1329.50736958685","8843.54089118597"
"728","Carex_kwangsiensis|CH|NCBI_Liuo_2555","820.959885055063","1354.24065439708","1329.50736958685","8843.54089118597"
"729","Carex_lingii|CH|NCBI_Yang_3761","820.959885055063","1354.24065439708","1329.50736958685","8843.54089118597"
"730","Carex_scaposa|CHC|spm00007891","820.959885055063","1354.24065439708","1329.50736958685","8843.54089118597"
"731","Carex_densifimbriata|CH|NCBI_Liuo_2556","820.959885055063","1354.24065439708","1329.50736958685","8843.54089118597"
